{
  "project_info": {
    "project_number": "616168814678",
    "project_id": "fir-thing-855b1",
    "storage_bucket": "fir-thing-855b1.appspot.com"
  },
  "client": [
    {
      "client_info": {
        "mobilesdk_app_id": "1:616168814678:android:0a101f35e25869672ca3f7",
        "android_client_info": {
          "package_name": "com.example.firebasething"
        }
      },
      "oauth_client": [
        {
          "client_id": "616168814678-p8rdu4hjl046je68000e0o670qjvmi86.apps.googleusercontent.com",
          "client_type": 3
        }
      ],
      "api_key": [
        {
          "current_key": "AIzaSyDd4DlOTH3fYkPJc_e4ieEwH2DJZDOfxgw"
        }
      ],
      "services": {
        "appinvite_service": {
          "other_platform_oauth_client": [
            {
              "client_id": "616168814678-p8rdu4hjl046je68000e0o670qjvmi86.apps.googleusercontent.com",
              "client_type": 3
            }
          ]
        }
      }
    }
  ],
  "configuration_version": "1"
}